year,bamboo_count,bamboo_index
1974,3,0.0
1975,4,0.091
1976,3,0.0
1977,5,0.182
1978,4,0.091
1979,6,0.273
1980,5,0.182
1981,7,0.364
1982,6,0.273
1983,8,0.455
1984,7,0.364
1985,5,0.182
1986,6,0.273
1987,8,0.455
1988,9,0.545
1989,10,0.636
1990,11,0.727
1991,9,0.545
1992,8,0.455
1993,10,0.636
1994,12,0.818
1995,11,0.727
1996,10,0.636
1997,13,0.909
1998,14,1.0
1999,12,0.818
2000,11,0.727
2001,13,0.909
2002,12,0.818
